Merchant ID,Merchant Product ID,Primary SKU,Merchant SKU ID,SKU Name,SKU Name (Chi),Warehouse ID,StockLevel,Online Status,Invisible,Force Out Of Stock,Create Date,Offline Date,Brand Name (EN),Brand Name (CHI),Height,Width,Depth,Packing Spec(EN),Packing Spec(CHI),Primary Category Code,Primary Category Name (CHI),Currency,Original Price,Discount Price,Discount Rate(%),VIP Discount Price,VIP Discount Rate(%),GOLD VIP Discount Price,GOLD VIP Discount Rate(%)
H8347003,ITOEN-F011X4,Y,H8347003_S_ITOEN-F011X4,NO USE - [Japan Version] Oi Ocha Dark Tea 525ml x 4 (Parallel Import) (93006),NO USE - 【日本版】濃味綠茶 525ml x 4 (平行進口) (93006),H834700301,0,offline,Y,N,23-Jul-21,29-May-22,Itoen,伊藤園,300,250,250,525 ml x 4,525 毫升 x 4,AA11224510001,樽裝茶,HKD,98,58,40.81633, , , , 
H8347003,L-IONB-001,Y,H8347003_S_L-IONB-001,IONBOXX NB-01 Mini Air Purifier,IONBOXX NB-01 超小型雙極離子淨化器,H834700301,1,online,N,N,24-Feb-22,1-Jan-99,IonBoxx,IonBoxx,210,140,210,1 PC,1,AA32230510001,座枱空氣清新機,HKD,4999,3960,20.78416, , , , 
H8347003,L-NSG-016,Y,H8347003_S_L-NSG-016,[香港行貨]SWITCH - RING FIT ADVENTURE [HONGKONG VERSION][WITH CHINESE INTERFACE],[香港行貨]NINTENDO SWITCH - 健身環大冒險 [香港版-有中文介面],H834700301,0,online,Y,Y,5-Jul-21,1-Jan-99,Nintendo,Nintendo,400,400,250,1 PC,1件,AA31300510001,Switch 遊戲,HKD,1980,538,72.82828, , , , 
H8347003,L-NSG-041,Y,H8347003_S_L-NSG-041,SWITCH GAME - MOVING OUT (parallel import),SWITCH GAME : 胡鬧搬家 -MOVING OUT (平行進口),H834700301,0,online,Y,Y,5-Jul-21,,Nintendo,Nintendo,210,120,210,1 PC,1件,AA31300510001,Switch 遊戲,HKD,498,226,54.61847, , , , 
H8347003,L-NSG-TOYCON-1,Y,H8347003_S_L-NSG-TOYCON-1,NINTENDO Switch Labo Toy-Con 01 5 IN 1 SET(parallel import),NINTENDO 任天堂 Switch Labo Toy-Con 01 組合套裝(平行進口),H834700301,0,online,Y,Y,27-Jul-21,,Nintendo,Nintendo,450,550,250,,,AA31300510001,Switch 遊戲,HKD,988,168,82.99595, , , , 
H8347003,L-NSG-TOYCON-DKIT,Y,H8347003_S_L-NSG-TOYCON-DKIT,NINTENDO Switch Labo DRIVE KIT-Toy-Con 03 (parallel import),NINTENDO 任天堂 Switch Labo Toy-Con 03 駕駛組合套裝(平行進口),H834700301,0,online,Y,N,27-Jul-21,,Nintendo,Nintendo,350,250,250,,,AA31300510001,Switch 遊戲,HKD,988,128,87.04453, , , , 
H8347003,NSG-001,Y,H8347003_S_NSG-001,NO USE,NO USE,H834700301,0,offline,Y,N,1-Jul-21,29-May-22,Nintendo,Nintendo,210,120,210,,,AA31253005001,本地數據卡,HKD,498,438,12.04819, , , , 
H8347003,NSG-119,Y,H8347003_S_NSG-119,NO USE,NO USE,H834700301,0,offline,N,N,15-Aug-21,29-May-22,Nintendo,Nintendo,210,120,210,,,AA31300510001,Switch 遊戲,HKD,498,238,52.20884, , , , 
H8347003,NSG-120,Y,H8347003_S_NSG-120,NO USE,NO USE,H834700301,0,offline,N,N,15-Aug-21,29-May-22,Nintendo,Nintendo,210,120,210,,,AA31300510001,Switch 遊戲,HKD,498,258,48.19277, , , , 
H8347003,NSG-121,Y,H8347003_S_NSG-121,NO USE,NO USE,H834700301,0,offline,N,N,15-Aug-21,29-May-22,Nintendo,Nintendo,210,120,210,,,AA31300510001,Switch 遊戲,HKD,498,258,48.19277, , , , 
H8347003,NSG-122,Y,H8347003_S_NSG-122,NO USE,NO USE,H834700301,0,offline,N,N,15-Aug-21,29-May-22,Nintendo,Nintendo,210,120,210,,,AA31300510001,Switch 遊戲,HKD,498,238,52.20884, , , , 
H8347003,NSG-123,Y,H8347003_S_NSG-123,NO USE,NO USE,H834700301,0,offline,N,N,15-Aug-21,29-May-22,Nintendo,Nintendo,210,120,210,,,AA31300510001,Switch 遊戲,HKD,498,198,60.24096, , , , 
H8347003,NSG-124,Y,H8347003_S_NSG-124,NO USE,NO USE,H834700301,0,offline,N,N,15-Aug-21,29-May-22,Nintendo,Nintendo,210,120,210,,,AA31300510001,Switch 遊戲,HKD,498,298,40.16064, , , , 
H8347003,NSG-125,Y,H8347003_S_NSG-125,NO USE,NO USE,H834700301,0,offline,N,N,15-Aug-21,29-May-22,Nintendo,Nintendo,210,120,210,,,AA31300510001,Switch 遊戲,HKD,498,298,40.16064, , , , 
H8347003,NSG-126,Y,H8347003_S_NSG-126,NO USE,NO USE,H834700301,0,offline,N,N,15-Aug-21,29-May-22,Nintendo,Nintendo,210,120,210,,,AA31300510001,Switch 遊戲,HKD,498,268,46.18474, , , , 
H8347003,NSG-127,Y,H8347003_S_NSG-127,NO USE,NO USE,H834700301,0,offline,N,N,15-Aug-21,29-May-22,Nintendo,Nintendo,210,120,210,,,AA31300510001,Switch 遊戲,HKD,498,228,54.21687, , , , 
H8347003,NSG-128,Y,H8347003_S_NSG-128,NO USE,NO USE,H834700301,0,offline,N,N,15-Aug-21,29-May-22,Nintendo,Nintendo,210,120,210,,,AA31300510001,Switch 遊戲,HKD,498,228,54.21687, , , , 
H8347003,NSG-129,Y,H8347003_S_NSG-129,NO USE,NO USE,H834700301,0,offline,N,N,15-Aug-21,29-May-22,Nintendo,Nintendo,210,120,210,,,AA31300510001,Switch 遊戲,HKD,498,228,54.21687, , , , 
H8347003,NSG-130,Y,H8347003_S_NSG-130,NO USE,NO USE,H834700301,0,offline,N,N,15-Aug-21,29-May-22,Nintendo,Nintendo,210,120,210,,,AA31300510001,Switch 遊戲,HKD,498,198,60.24096, , , , 
H8347003,NSG-131,Y,H8347003_S_NSG-131,NO USE,NO USE,H834700301,0,offline,N,N,15-Aug-21,29-May-22,Nintendo,Nintendo,210,120,210,,,AA31300510001,Switch 遊戲,HKD,498,258,48.19277, , , , 
H8347003,NSG-132,Y,H8347003_S_NSG-132,NO USE,NO USE,H834700301,0,offline,N,N,15-Aug-21,29-May-22,Nintendo,Nintendo,210,120,210,,,AA31300510001,Switch 遊戲,HKD,498,258,48.19277, , , , 
H8347003,L-APPLE-002,Y,H8347003_S_L-APPLE-002,AirPods Pro,AirPods Pro 入耳式 無線藍牙耳機,H834700309,1,offline,Y,N,22-Aug-21,22-Oct-21,APPLE,APPLE,210,120,210,1 SET,1 SET,AA31150500001,藍牙耳機,HKD,2480,1595,35.68548, , , , 
H8347003,L-GOOG-01,Y,H8347003_S_L-GOOG-01,Google Chromecast 4 with Google TV Screen Mirroring Dongle-White|Disney+(parallel import),Google TV with Chromecast 4 第四代串流播放裝置-白色|可安裝 Disney+ (平行進口),H834700309,7,online,N,N,16-Dec-21,1-Jan-99,Google,Google,210,210,0,,,AA32620500001,Google Home 及智能助理,HKD,788,448,43.14721, , , , 
H8347003,L-NINT-001,Y,H8347003_S_L-NINT-001,Splatoon Canvas Box Large Size,Splatoon 漆彈人限定大號帆布儲物盒,H834700309,0,offline,Y,N,5-Jul-21,27-Nov-21,Nintendo,Nintendo,450,500,100,1 PC,1件,AA31300510001,Switch 遊戲,HKD,488,128,73.77049, , , , 
H8347003,L-NSA-001,Y,H8347003_S_L-NSA-001,SWITCH JOY-CON NEON RED AND NEON BLUE NS EU VERSION(parallel import),SWITCH JOY-CON 電光紅及電光藍 (歐洲版)(平行進口),H834700309,3,online,N,N,5-Jul-21,,Nintendo,Nintendo,140,210,130,1 PC,1件,AA31300515001,Switch 手掣,HKD,1026,568,44.63938, , , , 
H8347003,L-NSA-002,Y,H8347003_S_L-NSA-002,Switch NS Joy-con Splatoon Controller EU VERSION(parallel import),粉紅色及綠色 漆彈限定版 無線控制器 手掣  手制(歐洲版)(平行進口),H834700309,3,online,N,N,30-Sep-21,,Nintendo,Nintendo,210,120,210,,,AA31300515001,Switch 手掣,HKD,1026,568,44.63938, , , , 
H8347003,L-NSA-003,Y,H8347003_S_L-NSA-003,[香港行貨]Switch NS Joy-con PURPLE / ORANGE Controller,[香港行貨]SWITCH JOY-CON 紫 / 橙 無線控制器 手掣  手制,H834700309,14,online,N,N,10-Oct-21,,Nintendo,Nintendo,210,120,210,,,AA31300515001,Switch 手掣,HKD,1026,568,44.63938, , , , 
H8347003,L-NSA-004,Y,H8347003_S_L-NSA-004,Switch NS Joy-con BLUE / YELLOW Controller EU VERSION(parallel import),SWITCH JOY-CON 藍/黃 無線控制器 手掣  手制(歐洲版)(平行進口),H834700309,4,online,N,N,10-Oct-21,,Nintendo,Nintendo,210,120,210,,,AA31300515001,Switch 手掣,HKD,1026,568,44.63938, , , , 
H8347003,L-NSA-PRO1,Y,H8347003_S_L-NSA-PRO1,[HK OFFICAL ]Nintendo NS Switch Pro Controller - Black,[香港行貨]Switch Pro Controller NS 控制器 無線震動控制器 #大掣#手制#手柄 - 黑色,H834700309,12,online,N,N,28-Aug-21,,Nintendo,Nintendo,210,120,210,1PC,1PC,AA31300515001,Switch 手掣,HKD,898,528,41.20267, , , , 
H8347003,L-NSA-PRO2,Y,H8347003_S_L-NSA-PRO2,[SUPER Smash Bros. Ultimate EDITION] NS Switch Pro Controller,[香港行貨] 任天堂明星大亂鬥 特別版Switch Pro Controller NS 控制器 無線震動控制器,H834700309,5,online,N,N,28-Aug-21,,Nintendo,Nintendo,210,120,210,1 PC,1 PC,AA31300515001,Switch 手掣,HKD,988,588,40.48583, , , , 
H8347003,L-NSA-PRO3,Y,H8347003_S_L-NSA-PRO3,[Xenoblade 2 EDITION] NS Switch Pro Controller,[香港行貨] 異度神劍2 特別版Switch Pro Controller NS 控制器 無線震動控制器,H834700309,9,online,N,N,17-Dec-21,,Nintendo,Nintendo,210,120,210,1 PC,1 PC,AA31300515001,Switch 手掣,HKD,988,588,40.48583, , , , 
H8347003,L-NSA-PRO4,Y,H8347003_S_L-NSA-PRO4,[SPLTOON 2 EDITION] NS Switch Pro Controller,[香港行貨]漆彈大作戰2 特別版Switch Pro Controller NS 控制器 無線震動控制器,H834700309,10,online,N,N,17-Dec-21,,Nintendo,Nintendo,210,120,210,1 PC,1 PC,AA31300515001,Switch 手掣,HKD,988,588,40.48583, , , , 
H8347003,L-NSC-002,Y,H8347003_S_L-NSC-002,[HK Version]Switch OLED Newest Nintendo Game Console White color ,[香港行貨] Switch OLED 加強版主機 任天堂 Nintendo 遊戲主機 白色 香港行貨,H834700309,0,online,Y,N,18-Dec-21,,Nintendo,Nintendo,250,300,180,1 PC,1 PC,AA31300505001,Switch 主機,HKD,3480,2688,22.75862, , , , 
H8347003,L-NSC-003,Y,H8347003_S_L-NSC-003,[HK Version]Switch OLED Newest Nintendo Game Console NEON color(RED/BLUE),[香港行貨] Switch OLED 加強版主機 任天堂 Nintendo 遊戲主機 紅藍色 一年保養,H834700309,0,offline,Y,N,18-Dec-21,6-Mar-22,Nintendo,Nintendo,250,180,180,1 PC,1 PC,AA31300505001,Switch 主機,HKD,3480,2688,22.75862, , , , 
H8347003,L-NSG-001,Y,H8347003_S_L-NSG-001,Switch Game - Mario Party 中英文版(parallel import),Switch Game - Mario Party [中英文版](平行進口),H834700309,0,online,Y,N,5-Jul-21,,Nintendo,Nintendo,210,120,210,1 PC,1件,AA31300510001,Switch 遊戲,HKD,498,438,12.04819, , , , 
H8347003,L-NSG-002,Y,H8347003_S_L-NSG-002,Switch Games - Super Mario Odyssey [CHI/ENG],Switch遊戲- 奥德賽 [中英文版],H834700309,0,online,Y,N,5-Jul-21,1-Jan-99,Nintendo,Nintendo,210,120,210,1 PC,1件,AA31300510001,Switch 遊戲,HKD,662,418,36.85801, , , , 
H8347003,L-NSG-003,Y,H8347003_S_L-NSG-003,SWITCH GAME-NEW SUPER MARIO BROS. U DELUXE [CHI/ENG],Switch遊戲 -Super Mario Bros U 超級瑪利歐兄弟U 豪華版 [中英文版],H834700309,0,online,Y,N,5-Jul-21,,Nintendo,Nintendo,210,120,210,1 PC,1件,AA31300510001,Switch 遊戲,HKD,663,419,36.80241, , , , 
H8347003,L-NSG-005,Y,H8347003_S_L-NSG-005,Switch Game - Mario Kart 8 Deluxe - Nintendo [CHI/ENG],Switch遊戲 - 瑪利歐賽車8 豪華版 - Nintendo [中英文版],H834700309,0,online,Y,N,5-Jul-21,,Nintendo,Nintendo,210,120,210,1 PC,1件,AA31300510001,Switch 遊戲,HKD,498,438,12.04819, , , , 
H8347003,L-NSG-007,Y,H8347003_S_L-NSG-007,Switch Game-Sushu Stiker-The Way of Sushido [ENG ONLY],Switch Game-Sushu Stiker-The Way of Sushido [英文版],H834700309,0,offline,Y,N,5-Jul-21,7-Jun-22,Nintendo,Nintendo,210,210,0,1 PC,1件,AA31300510001,Switch 遊戲,HKD,498,128,74.29719, , , , 
H8347003,L-NSG-008,Y,H8347003_S_L-NSG-008,Switch Game- SUPER Smash Bros. Ultimate(parallel import),Switch 遊戲 - 任天堂明星大亂鬥 特別版(平行進口),H834700309,0,online,Y,N,5-Jul-21,,Nintendo,Nintendo,210,120,210,1 PC,1件,AA31300510001,Switch 遊戲,HKD,498,438,12.04819, , , , 
H8347003,L-NSG-010,Y,H8347003_S_L-NSG-010,Switch Game- ポッ拳　POKKÉN TOURNAMENT DX,Switch Game- ポッ拳　POKKÉN TOURNAMENT DX,H834700309,0,online,Y,N,5-Jul-21,,Nintendo,Nintendo,210,120,210,1 PC,1件,AA31300510001,Switch 遊戲,HKD,694,438,36.88761, , , , 
H8347003,L-NSG-011,Y,H8347003_S_L-NSG-011,Switch Game- KIRBY STAR ALLIES,Switch Game- KIRBY STAR ALLIES,H834700309,0,online,Y,N,5-Jul-21,,Nintendo,Nintendo,210,120,210,1 PC,1件,AA31300510001,Switch 遊戲,HKD,694,438,36.88761, , , , 
H8347003,L-NSG-012,Y,H8347003_S_L-NSG-012,Switch Game- ARMS,Switch Game- ARMS,H834700309,0,online,Y,N,5-Jul-21,,Nintendo,Nintendo,210,120,210,1 PC,1件,AA31300510001,Switch 遊戲,HKD,694,438,36.88761, , , , 
H8347003,L-NSG-013,Y,H8347003_S_L-NSG-013,Switch Games - DONKEY KONG COUNTRY: TROPICAL FREEZE,Switch Games - DONKEY KONG COUNTRY: TROPICAL FREEZE,H834700309,0,offline,Y,N,5-Jul-21,6-Apr-22,Nintendo,Nintendo,210,210,0,1 PC,1件,AA31300510001,Switch 遊戲,HKD,630,398,36.8254, , , , 
H8347003,L-NSG-014,Y,H8347003_S_L-NSG-014,Switch Game-SPLTOON 2(parallel import),Switch Game-漆彈大作戰2 SPLTOON 2(平行進口),H834700309,0,online,Y,N,5-Jul-21,,Nintendo,Nintendo,210,120,210,1 PC,1件,AA31300510001,Switch 遊戲,HKD,498,438,12.04819, , , , 
H8347003,L-NSG-015,Y,H8347003_S_L-NSG-015,SWITCH Super Mario Maker 2 (CHI/JAP/ENG),SWITCH 超級瑪利歐創作家 2 (中英日文合版),H834700309,0,online,Y,N,5-Jul-21,,Nintendo,Nintendo,210,120,210,1 PC,1件,AA31300510001,Switch 遊戲,HKD,688,438,36.33721, , , , 
H8347003,L-NSG-017,Y,H8347003_S_L-NSG-017,SWITCH GAME ANIMAL CROSSING - (parallel import),SWITCH 動物之森 Animal Crossing (中英日文合版)(平行進口),H834700309,0,online,Y,N,5-Jul-21,,Nintendo,Nintendo,210,120,210,1 PC,1件,AA31300510001,Switch 遊戲,HKD,768,428,44.27083, , , , 
H8347003,L-NSG-019,Y,H8347003_S_L-NSG-019,Luigi Mansion 3 (parallel import),Luigi Mansion 3 路易鬼屋 中英日文版(平行進口),H834700309,0,online,Y,N,5-Jul-21,,Nintendo,Nintendo,210,120,210,1 PC,1件,AA31300510001,Switch 遊戲,HKD,689,418,39.33237, , , , 
H8347003,L-NSG-021,Y,H8347003_S_L-NSG-021,Hello Kitty - KRUISERS WITH SANRIO FRIEND,Hello Kitty - KRUISERS WITH SANRIO FRIEND,H834700309,0,online,Y,N,5-Jul-21,,Nintendo,Nintendo,210,120,210,1 PC,1件,AA31300510001,Switch 遊戲,HKD,498,298,40.16064, , , , 
H8347003,L-NSG-022,Y,H8347003_S_L-NSG-022,ZELDA -BREATH OG THE WILD(parallel import),薩爾達傳說-荒野之息(平行進口),H834700309,0,online,Y,N,5-Jul-21,1-Jan-99,Nintendo,Nintendo,210,120,210,1 PC,1件,AA31300510001,Switch 遊戲,HKD,498,448,10.04016, , , , 
H8347003,L-NSG-023,Y,H8347003_S_L-NSG-023,JUST DANCE 2020(parallel import),JUST DANCE 2020(平行進口),H834700309,0,online,Y,N,5-Jul-21,,Nintendo,Nintendo,210,120,210,1 PC,1件,AA31300510001,Switch 遊戲,HKD,498,259,47.99197, , , , 
H8347003,L-NSG-024,Y,H8347003_S_L-NSG-024,MARIO&SONIC- AT THE TOKYO 2020 OLYMPIC GAME(parallel import),MARIO&SONIC-2020 東京奧運會(平行進口),H834700309,0,online,Y,N,5-Jul-21,,Nintendo,Nintendo,210,120,210,1 PC,1件,AA31300510001,Switch 遊戲,HKD,498,338,32.12851, , , , 
H8347003,L-NSG-027,Y,H8347003_S_L-NSG-027,THE LEGO MOVIE 2,樂高玩電影 2,H834700309,0,online,Y,N,5-Jul-21,,Nintendo,Nintendo,210,120,210,1 PC,1件,AA31300510001,Switch 遊戲,HKD,630,398,36.8254, , , , 
H8347003,L-NSG-029,Y,H8347003_S_L-NSG-029,LEGO- THE INCREDIBLES,LEGO- 樂高超人特工隊,H834700309,0,offline,Y,N,5-Jul-21,22-Aug-21,Nintendo,Nintendo,210,120,210,1 PC,1件,AA31300510001,Switch 遊戲,HKD,630,398,36.8254, , , , 
H8347003,L-NSG-031,Y,H8347003_S_L-NSG-031,JUST DANCE 2021,Just Dance 2021 | 舞力全開 2021 - 中英日合版,H834700309,0,online,Y,N,5-Jul-21,,Nintendo,Nintendo,210,120,210,1 PC,1件,AA31300510001,Switch 遊戲,HKD,510.8,328,35.787, , , , 
H8347003,L-NSG-032,Y,H8347003_S_L-NSG-032,CONSTRUCTOR PLUS-BUILDING JUST GOT BIGGER(parallel import),CONSTRUCTOR PLUS-BUILDING JUST GOT BIGGER(平行進口),H834700309,0,online,Y,N,5-Jul-21,,Nintendo,Nintendo,210,120,210,1 PC,1件,AA31300510001,Switch 遊戲,HKD,498,198,60.24096, , , , 
H8347003,L-NSG-033,Y,H8347003_S_L-NSG-033,MINECRAFT-STORY HOME (SEASON 2)(parallel import),MINECRAFT-STORY HOME (SEASON 2)(平行進口),H834700309,0,offline,Y,N,5-Jul-21,31-Mar-22,Nintendo,Nintendo,210,120,210,1 PC,1件,AA31300510001,Switch 遊戲,HKD,498,268,46.18474, , , , 
H8347003,L-NSG-034,Y,H8347003_S_L-NSG-034,TENNIS WORLD TOUR(parallel import),網球世界巡迴賽：傳奇版(中/英文)(平行進口),H834700309,0,online,Y,N,5-Jul-21,,Nintendo,Nintendo,210,120,210,1 PC,1件,AA31300510001,Switch 遊戲,HKD,498,238,52.20884, , , , 
H8347003,L-NSG-035,Y,H8347003_S_L-NSG-035,SWITCH GAME - BEE SIMULATOR(parallel import),SWITCH GAME - BEE SIMULATOR(中英文合版)(平行進口),H834700309,0,online,Y,N,5-Jul-21,,Nintendo,Nintendo,210,120,210,1 PC,1件,AA31300510001,Switch 遊戲,HKD,468,168,64.10256, , , , 
H8347003,L-NSG-036,Y,H8347003_S_L-NSG-036,SWITCH GAME-MUSYNX(parallel import),SWITCH GAME-MUSYNX(中英文合版)(平行進口),H834700309,0,offline,Y,N,5-Jul-21,1-Jan-22,Nintendo,Nintendo,210,120,210,1 PC,1件,AA31300510001,Switch 遊戲,HKD,468,218,53.4188, , , , 
H8347003,L-NSG-037,Y,H8347003_S_L-NSG-037,SWITCH GAME - THE UNICORN PRINCESS(parallel import),SWITCH GAME - THE UNICORN PRINCESS(中英文合版)(平行進口),H834700309,0,online,Y,N,5-Jul-21,,Nintendo,Nintendo,210,120,210,1 PC,1件,AA31300510001,Switch 遊戲,HKD,468,168,64.10256, , , , 
H8347003,L-NSG-038,Y,H8347003_S_L-NSG-038,FITNESS BOXING 2 -(parallel import),健身拳擊 2-Fitness Boxing 2-中英文合版(平行進口),H834700309,0,offline,Y,N,5-Jul-21,8-Jul-22,Nintendo,Nintendo,210,120,210,1 PC,1件,AA31300510001,Switch 遊戲,HKD,498,388,22.08835, , , , 
H8347003,L-NSG-040,Y,H8347003_S_L-NSG-040,SWITCH GAME : Roller Coaster-TYCOON ADVENTURES(parallel import),SWITCH GAME : Roller Coaster-TYCOON ADVENTURES(平行進口),H834700309,0,online,Y,N,5-Jul-21,,Nintendo,Nintendo,210,120,210,1 PC,1件,AA31300510001,Switch 遊戲,HKD,551,348,36.84211, , , , 
H8347003,L-NSG-043,Y,H8347003_S_L-NSG-043,SWITCH GAME: Aladdin and LION KING (parallel import),SWITCH GAME: Aladdin and LION KING (平行進口),H834700309,0,online,Y,N,5-Jul-21,,Nintendo,Nintendo,210,120,210,1 PC,1件,AA31300510001,Switch 遊戲,HKD,498,298,40.16064, , , , 
H8347003,L-NSG-045,Y,H8347003_S_L-NSG-045,SWITCH GAME:DRAGONBALL 2 XENOVERSE(parallel import),SWITCH GAME:DRAGONBALL 2 XENOVERSE(平行進口),H834700309,0,online,Y,N,5-Jul-21,,Nintendo,Nintendo,210,120,210,1 PC,1件,AA31300510001,Switch 遊戲,HKD,498,298,40.16064, , , , 
H8347003,L-NSG-046,Y,H8347003_S_L-NSG-046,SWITCH GAME :MOTOGO 19(parallel import),SWITCH GAME :MOTOGO 19(平行進口),H834700309,0,online,Y,N,5-Jul-21,,Nintendo,Nintendo,210,120,210,1 PC,1件,AA31300510001,Switch 遊戲,HKD,498,248,50.2008, , , , 
H8347003,L-NSG-047,Y,H8347003_S_L-NSG-047,SWITCH GAME:PAPER MARIO - THE ORIGAMIKING[CHI/ENG](parallel import),SWITCH GAME:紙片瑪利歐 摺紙國王[中英日合版](平行進口),H834700309,0,online,Y,N,5-Jul-21,,Nintendo,Nintendo,210,120,210,1 PC,1件,AA31300510001,Switch 遊戲,HKD,646,408,36.84211, , , , 
H8347003,L-NSG-048,Y,H8347003_S_L-NSG-048,SWITCH GAME-MARIO+RABBIDS: KINGDOM BATTLE(parallel import),SWITCH GAME-瑪利歐+瘋狂兔子 王國之戰(平行進口),H834700309,0,online,Y,N,5-Jul-21,,Nintendo,Nintendo,210,120,210,1 PC,1件,AA31300510001,Switch 遊戲,HKD,614,388,36.80782, , , , 
H8347003,L-NSG-049,Y,H8347003_S_L-NSG-049,SWITCH GAME-TWO POINT - HOSPITAL[ENG/CHN](parallel import),SWITCH GAME-TWO POINT - HOSPITAL雙點醫院 杏林也瘋狂 中英文合版(平行進口),H834700309,0,online,Y,N,5-Jul-21,,Nintendo,Nintendo,210,120,210,1 PC,1件,AA31300510001,Switch 遊戲,HKD,498,308,38.15261, , , , 
H8347003,L-NSG-051,Y,H8347003_S_L-NSG-051,SWITCH GAME- AO TENNIS 2 (parallel import),SWITCH GAME-澳洲網球公開賽 2(平行進口),H834700309,0,online,Y,N,5-Jul-21,,Nintendo,Nintendo,210,120,210,1 PC,1件,AA31300510001,Switch 遊戲,HKD,498.8,328,34.24218, , , , 
H8347003,L-NSG-053,Y,H8347003_S_L-NSG-053,SWITCH GAME-REEL FISHING Road trip Adventure(parallel import),SWITCH GAME-戶外釣魚-公路旅行冒險(平行進口),H834700309,0,online,Y,N,5-Jul-21,,Nintendo,Nintendo,210,120,210,1 PC,1件,AA31300510001,Switch 遊戲,HKD,498,268,46.18474, , , , 
H8347003,L-NSG-054,Y,H8347003_S_L-NSG-054,Wild Guns Reloaded ENG VER,荒野雙槍重裝上陣 英文版,H834700309,0,online,Y,N,5-Jul-21,,Nintendo,Nintendo,210,120,210,1 PC,1件,AA31300510001,Switch 遊戲,HKD,498,218,56.2249, , , , 
H8347003,L-NSG-055,Y,H8347003_S_L-NSG-055,L.A.Noire ENG VER,黑色洛城 英文版,H834700309,0,online,Y,N,5-Jul-21,,Nintendo,Nintendo,210,120,210,1 PC,1件,AA31300510001,Switch 遊戲,HKD,498,188,62.249, , , , 
H8347003,L-NSG-056,Y,H8347003_S_L-NSG-056,Harvest Moon: Light Of Hope ENG VER,牧場物語 希望之光 英文版,H834700309,0,online,Y,N,5-Jul-21,,Nintendo,Nintendo,210,120,210,1 PC,1件,AA31300510001,Switch 遊戲,HKD,498,248,50.2008, , , , 
H8347003,L-NSG-057,Y,H8347003_S_L-NSG-057,Galak-Z: The Void & Skulls Of The Shogun CHI/ENG VER,宇宙戰士 中英文合版,H834700309,0,online,Y,N,5-Jul-21,,Nintendo,Nintendo,210,120,210,1 PC,1件,AA31300510001,Switch 遊戲,HKD,498,248,50.2008, , , , 
H8347003,L-NSG-058,Y,H8347003_S_L-NSG-058,Tokyo Mirage Sessions #FE CHI/ENG VER,幻影異聞錄♯FE 中英文合版,H834700309,0,online,Y,N,5-Jul-21,,Nintendo,Nintendo,210,120,210,1 PC,1件,AA31300510001,Switch 遊戲,HKD,498,248,50.2008, , , , 
H8347003,L-NSG-059,Y,H8347003_S_L-NSG-059,Street Power Football CHI/ENG VER,街頭足球 中英文合版,H834700309,0,online,Y,N,5-Jul-21,,Nintendo,Nintendo,210,120,210,1 PC,1件,AA31300510001,Switch 遊戲,HKD,498,288,42.16867, , , , 
H8347003,L-NSG-060,Y,H8347003_S_L-NSG-060,Trine 4 CHI/ENG VER,三位一體 4 中英文合版,H834700309,0,online,Y,N,5-Jul-21,,Nintendo,Nintendo,210,120,210,1 PC,1件,AA31300510001,Switch 遊戲,HKD,498,248,50.2008, , , , 
H8347003,L-NSG-061,Y,H8347003_S_L-NSG-061,Bloodstained: Ritual of The Night CHI/ENG VER,血污 暗夜儀式 中英文合版,H834700309,0,online,Y,N,5-Jul-21,,Nintendo,Nintendo,210,120,210,1 PC,1件,AA31300510001,Switch 遊戲,HKD,498,278,44.17671, , , , 
H8347003,L-NSG-062,Y,H8347003_S_L-NSG-062,Dragon Quest 1 2 3 CHI/ENG VER,勇者鬥惡龍  1 2 3 中英文合版,H834700309,0,offline,N,N,5-Jul-21,16-Oct-21,Nintendo,Nintendo,210,120,210,1 PC,1件,AA31300510001,Switch 遊戲,HKD,498,298,40.16064, , , , 
H8347003,L-NSG-063,Y,H8347003_S_L-NSG-063,Harvest Moon MAD DASH CHI/ENG VER,牧場物語 瘋狂衝刺 中英文合版,H834700309,0,online,Y,N,5-Jul-21,,Nintendo,Nintendo,210,120,210,1 PC,1件,AA31300510001,Switch 遊戲,HKD,498,198,60.24096, , , , 
H8347003,L-NSG-066,Y,H8347003_S_L-NSG-066,Titan Quest CHI/ENG VER,泰坦之旅 不朽王座 中英文合版,H834700309,0,online,Y,N,5-Jul-21,,Nintendo,Nintendo,210,120,210,1 PC,1件,AA31300510001,Switch 遊戲,HKD,498,198,60.24096, , , , 
H8347003,L-NSG-067,Y,H8347003_S_L-NSG-067,Darksiders Genesis CHI/ENG VER,暗黑血統創世紀 中英文合版,H834700309,0,online,Y,N,5-Jul-21,,Nintendo,Nintendo,210,120,210,1 PC,1件,AA31300510001,Switch 遊戲,HKD,498,238,52.20884, , , , 
H8347003,L-NSG-068,Y,H8347003_S_L-NSG-068,Risk of Rain 1 + 2 CHI/ENG VER,雨中冒險 1+2 中英文合版,H834700309,0,online,Y,N,5-Jul-21,,Nintendo,Nintendo,210,120,210,1 PC,1件,AA31300510001,Switch 遊戲,HKD,498,298,40.16064, , , , 
H8347003,L-NSG-069,Y,H8347003_S_L-NSG-069,SWITCH GAME :LEGO -UNDER COVER,SWITCH GAME :LEGO -UNDER COVER,H834700309,0,online,Y,N,5-Jul-21,,Nintendo,Nintendo,210,120,210,1 PC,1件,AA31300510001,Switch 遊戲,HKD,468,298,36.32479, , , , 
H8347003,L-NSG-070,Y,H8347003_S_L-NSG-070,[US VER] Overcooked! All You Can Eat (parallel import),[美版]Overcooked 胡鬧廚房 | 分手廚房！全都好吃 - 中英日合版(平行進口),H834700309,0,online,Y,N,5-Jul-21,,Nintendo,Nintendo,210,120,210,1 PC,1件,AA31300510001,Switch 遊戲,HKD,498,298,40.16064, , , , 
H8347003,L-NSG-071,Y,H8347003_S_L-NSG-071,NINJA GAIDEN-MASTER COLLECTION(parallel import),忍者外伝-三作合集 中/英/日文 版(平行進口),H834700309,0,online,Y,N,5-Jul-21,,Nintendo,Nintendo,210,120,210,1 PC,1件,AA31300510001,Switch 遊戲,HKD,498,368,26.10442, , , , 
H8347003,L-NSG-072,Y,H8347003_S_L-NSG-072,SWITCH GAME-Namco Museum Arcade PAC(parallel import),SWITCH GAME-NAMCO 博物館 Arcade PAC(平行進口),H834700309,0,offline,Y,N,5-Jul-21,6-Apr-22,Nintendo,Nintendo,210,210,0,1 PC,1件,AA31300510001,Switch 遊戲,HKD,468, , , , , , 
H8347003,L-NSG-073,Y,H8347003_S_L-NSG-073,SWITCH GAME-The LEGO® NINJAGO® Movie Video Game(parallel import)[7840],SWITCH GAME-樂高旋風忍者大電影(平行進口)[7840],H834700309,0,offline,Y,N,5-Jul-21,1-Jan-22,Nintendo,Nintendo,210,120,210,1 PC,1件,AA31300510001,Switch 遊戲,HKD,468,298,36.32479, , , , 
H8347003,L-NSG-074,Y,H8347003_S_L-NSG-074,SWITCH GAME-DISNEY TSUM TSUM FESTIVAL (parallel import)[40156],SWITCH GAME-DISNEY TSUM TSUM FESTIVAL(平行進口)[40156],H834700309,0,offline,N,N,5-Jul-21,6-Apr-22,Nintendo,Nintendo,210,210,0,1 PC,1件,AA31300510001,Switch 遊戲,HKD,468,298,36.32479, , , , 
H8347003,L-NSG-079,Y,H8347003_S_L-NSG-079,Switch Game - My Universe - My Baby (Parallel Import),Switch Game - 我的宇宙 - 我的寶貝 (平行進口),H834700309,0,offline,N,N,26-Jul-21,6-Apr-22,Nintendo,Nintendo,210,210,0,,,AA31300510001,Switch 遊戲,HKD,468,248,47.00855, , , , 
H8347003,L-NSG-080,Y,H8347003_S_L-NSG-080,Switch Game - Cave Story+ (Parallel Import),Switch Game - 洞窟物語 (平行進口),H834700309,0,online,Y,N,27-Jul-21,,Nintendo,Nintendo,210,120,210,,,AA31300510001,Switch 遊戲,HKD,468,168,64.10256, , , , 
H8347003,L-NSG-081,Y,H8347003_S_L-NSG-081,Switch Game - Zumba Burn It Up (Parallel Import),Switch Game - 尊巴健身舞 (平行進口),H834700309,0,online,Y,N,27-Jul-21,,Nintendo,Nintendo,210,120,210,,,AA31300510001,Switch 遊戲,HKD,468,278,40.59829, , , , 
H8347003,L-NSG-082,Y,H8347003_S_L-NSG-082,Switch Game - Burnout Paradise Remastered (Parallel Import),Switch Game - 橫衝直撞：狂飆樂園 (平行進口),H834700309,0,online,Y,N,27-Jul-21,,Nintendo,Nintendo,210,120,210,,,AA31300510001,Switch 遊戲,HKD,468,368,21.36752, , , , 
H8347003,L-NSG-083,Y,H8347003_S_L-NSG-083,Switch Game - Trials Rising (Parallel Import),Switch Game - 特技摩托賽：崛起 (平行進口),H834700309,0,online,Y,N,27-Jul-21,,Nintendo,Nintendo,210,120,210,,,AA31300510001,Switch 遊戲,HKD,468,248,47.00855, , , , 
H8347003,L-NSG-084,Y,H8347003_S_L-NSG-084,Switch Game - Cars 3: Driven to Win (Parallel Import),Switch Game - 汽車總動員3：全力取勝 (平行進口),H834700309,0,online,Y,N,27-Jul-21,1-Jan-99,Nintendo,Nintendo,210,210,0,,,AA31300510001,Switch 遊戲,HKD,568,268,52.8169, , , , 
H8347003,L-NSG-085,Y,H8347003_S_L-NSG-085,Switch Game - Tennis World Tour 2 (Parallel Import),Switch Game - 網球世界巡回賽2 (平行進口),H834700309,0,online,Y,N,27-Jul-21,,Nintendo,Nintendo,210,120,210,,,AA31300510001,Switch 遊戲,HKD,468,258,44.87179, , , , 
H8347003,L-NSG-086,Y,H8347003_S_L-NSG-086,Switch Game - Pokemon Mystery Dungeon: Rescue Team DX (Parallel Import),Switch Game - 寶可夢不可思議的迷宮救援隊DX (平行進口),H834700309,0,online,Y,N,27-Jul-21,,Nintendo,Nintendo,210,120,210,,,AA31300510001,Switch 遊戲,HKD,568,398,29.92958, , , , 
H8347003,L-NSG-087,Y,H8347003_S_L-NSG-087,Switch Game - Ghost Parade (Parallel Import),Switch Game - 幽靈遊行 (平行進口),H834700309,0,online,Y,N,27-Jul-21,,Nintendo,Nintendo,210,120,210,,,AA31300510001,Switch 遊戲,HKD,468,198,57.69231, , , , 
H8347003,L-NSG-088,Y,H8347003_S_L-NSG-088,Switch Game - Hello Neighbor Hide And Seek (Parallel Import),Switch Game - 你好鄰居捉迷藏 (平行進口),H834700309,0,online,Y,N,27-Jul-21,,Nintendo,Nintendo,210,120,210,,,AA31300510001,Switch 遊戲,HKD,468,238,49.1453, , , , 
H8347003,L-NSG-089,Y,H8347003_S_L-NSG-089,Switch Game - Road to Guangdong (Parallel Import),Switch Game - 廣東之路 (平行進口),H834700309,0,online,Y,N,27-Jul-21,,Nintendo,Nintendo,210,120,210,,,AA31300510001,Switch 遊戲,HKD,468,268,42.73504, , , , 
H8347003,L-NSG-090,Y,H8347003_S_L-NSG-090,Switch Game - AeternoBlade II (Parallel Import),Switch Game - 永恆劍刃2 (平行進口),H834700309,0,online,Y,N,27-Jul-21,,Nintendo,Nintendo,210,120,210,,,AA31300510001,Switch 遊戲,HKD,468,298,36.32479, , , , 
H8347003,L-NSG-091,Y,H8347003_S_L-NSG-091,Switch Game - Cadence of Hyrule (Parallel Import),Switch Game - 凱登絲勇闖海拉魯：死靈舞師地牢塞爾達傳說合作鉅獻 (平行進口),H834700309,0,online,Y,N,27-Jul-21,,Nintendo,Nintendo,210,120,210,,,AA31300510001,Switch 遊戲,HKD,468,348,25.64103, , , , 
H8347003,L-NSG-092,Y,H8347003_S_L-NSG-092,Switch Game - Bakugan: Champions of Vestroia (Parallel Import),Switch Game - 爆丸：維斯托亞之冠 (平行進口),H834700309,0,online,Y,N,27-Jul-21,,Nintendo,Nintendo,210,120,210,,,AA31300510001,Switch 遊戲,HKD,468,348,25.64103, , , , 
H8347003,L-NSG-093,Y,H8347003_S_L-NSG-093,Switch Game - Final Fantasy XII： Zodiac Age Twister Parent (Parallel Import),Switch Game - 最終幻想XII：黃道年代 (平行進口),H834700309,0,online,Y,N,27-Jul-21,,Nintendo,Nintendo,210,120,210,,,AA31300510001,Switch 遊戲,HKD,568,288,49.29577, , , , 
H8347003,L-NSG-094,Y,H8347003_S_L-NSG-094,Switch Game - Inertial Drift (Parallel Import),Switch Game - 慣性漂移 (平行進口),H834700309,0,online,Y,N,27-Jul-21,,Nintendo,Nintendo,210,120,210,,,AA31300510001,Switch 遊戲,HKD,468,248,47.00855, , , , 
H8347003,L-NSG-095,Y,H8347003_S_L-NSG-095,Switch Game - XCOM 2 Collection (Parallel Import),Switch Game - XCOM 2 典藏合輯 (平行進口),H834700309,0,online,Y,N,27-Jul-21,,Nintendo,Nintendo,210,120,210,,,AA31300510001,Switch 遊戲,HKD,468,228,51.28205, , , , 
H8347003,L-NSG-096,Y,H8347003_S_L-NSG-096,Switch Game - Doraemon: Nobita's New Dinosaur (Parallel Import),Switch Game - 哆啦A夢 大雄的新恐龍 (平行進口),H834700309,0,online,Y,N,27-Jul-21,,Nintendo,Nintendo,210,120,210,,,AA31300510001,Switch 遊戲,HKD,568,368,35.21127, , , , 
H8347003,L-NSG-097,Y,H8347003_S_L-NSG-097,Switch Game - Portal Knights (Parallel Import),Switch Game - 傳送門騎士 (平行進口),H834700309,0,online,Y,N,27-Jul-21,,Nintendo,Nintendo,210,120,210,,,AA31300510001,Switch 遊戲,HKD,468,218,53.4188, , , , 
H8347003,L-NSG-098,Y,H8347003_S_L-NSG-098,Switch Game - Georifters (Parallel Import),Switch Game - 移探救境 (平行進口),H834700309,0,online,Y,N,27-Jul-21,,Nintendo,Nintendo,210,120,210,,,AA31300510001,Switch 遊戲,HKD,468,168,64.10256, , , , 
H8347003,L-NSG-099,Y,H8347003_S_L-NSG-099,Switch Game - Trine 4: The Nightmare Prince (Parallel Import),Switch Game - 狩魔師4：惡夢王子 (平行進口),H834700309,0,online,Y,N,27-Jul-21,,Nintendo,Nintendo,210,120,210,,,AA31300510001,Switch 遊戲,HKD,468,168,64.10256, , , , 
H8347003,L-NSG-100,Y,H8347003_S_L-NSG-100,Switch Game - Wild Guns: Reloaded (Parallel Import),Switch Game - 狂野神槍重裝上陣 (平行進口),H834700309,0,offline,Y,Y,27-Jul-21,11-Apr-22,Nintendo,Nintendo,210,120,210,,,AA31300510001,Switch 遊戲,HKD,468,148,68.37607, , , , 
H8347003,L-NSG-101,Y,H8347003_S_L-NSG-101,Switch Game - Street Power Soccer (Parallel Import),Switch Game - 街頭足球 (平行進口),H834700309,0,online,Y,N,27-Jul-21,1-Jan-99,Nintendo,Nintendo,210,120,210,,,AA31300510001,Switch 遊戲,HKD,468,368,21.36752, , , , 
H8347003,L-NSG-102,Y,H8347003_S_L-NSG-102,Switch Game - NBA 2K19 (Parallel Import),Switch Game - NBA 2K19 (平行進口),H834700309,0,offline,Y,N,27-Jul-21,20-Mar-22,Nintendo,Nintendo,210,120,210,,,AA31300510001,Switch 遊戲,HKD,468,198,57.69231, , , , 
H8347003,L-NSG-103,Y,H8347003_S_L-NSG-103,Switch Game - 3D Mini Golf (Parallel Import),Switch Game - 迷你高爾夫球 (平行進口),H834700309,0,online,Y,N,27-Jul-21,,Nintendo,Nintendo,210,120,210,,,AA31300510001,Switch 遊戲,HKD,468,168,64.10256, , , , 
H8347003,L-NSG-104,Y,H8347003_S_L-NSG-104,Switch Game - FIFA 19 (Parallel Import),Switch Game - 國際足盟大賽19 (平行進口),H834700309,0,offline,Y,N,27-Jul-21,9-May-22,Nintendo,Nintendo,210,120,210,,,AA31300510001,Switch 遊戲,HKD,468,268,42.73504, , , , 
H8347003,L-NSG-105,Y,H8347003_S_L-NSG-105,Switch Game - Snack World: The Dungeon Crawl (Parallel Import),Switch Game - 點心世界黃金版 (平行進口),H834700309,0,online,Y,N,27-Jul-21,,Nintendo,Nintendo,210,120,210,,,AA31300510001,Switch 遊戲,HKD,468,298,36.32479, , , , 
H8347003,L-NSG-106,Y,H8347003_S_L-NSG-106,Switch Game - Battle Chasers Nightwar (Parallel Import),Switch Game - 追逐戰： 夜戰 (平行進口),H834700309,0,online,Y,N,27-Jul-21,,Nintendo,Nintendo,210,120,210,,,AA31300510001,Switch 遊戲,HKD,468,328,29.91453, , , , 
H8347003,L-NSG-107,Y,H8347003_S_L-NSG-107,Switch Game - Little Nightmares 2 (Parallel Import),Switch Game - 小小夢魘2 (平行進口),H834700309,0,offline,Y,N,27-Jul-21,10-Jun-22,Nintendo,Nintendo,210,120,210,,,AA31300510001,Switch 遊戲,HKD,468,298,36.32479, , , , 
H8347003,L-NSG-108,Y,H8347003_S_L-NSG-108,Switch Game - Lol Surprise Remix Edition: We Rule The World (Parallel Import),Switch Game - LOL 驚喜寶貝蛋- 混音版：我們統治世界 (平行進口),H834700309,0,online,Y,N,27-Jul-21,,Nintendo,Nintendo,210,120,210,,,AA31300510001,Switch 遊戲,HKD,468,348,25.64103, , , , 
H8347003,L-NSG-109,Y,H8347003_S_L-NSG-109,Switch Game - Cat Quest 2 (Parallel Import),Switch Game - 喵咪鬥惡龍2 (平行進口),H834700309,0,online,Y,N,27-Jul-21,,Nintendo,Nintendo,210,120,210,,,AA31300510001,Switch 遊戲,HKD,468,298,36.32479, , , , 
H8347003,L-NSG-110,Y,H8347003_S_L-NSG-110,Switch Game - WRC 9 The Official Game (Parallel Import),Switch Game - WRC 9 (平行進口),H834700309,0,online,Y,N,27-Jul-21,,Nintendo,Nintendo,210,120,210,,,AA31300510001,Switch 遊戲,HKD,468,298,36.32479, , , , 
H8347003,L-NSG-111,Y,H8347003_S_L-NSG-111,Switch Game - Minecraft Dungeons Hero Edition (Parallel Import),Switch Game - 我的世界地下城英雄版 (平行進口),H834700309,0,offline,Y,N,27-Jul-21,20-May-22,Nintendo,Nintendo,210,120,210,,,AA31300510001,Switch 遊戲,HKD,468,298,36.32479, , , , 
H8347003,L-NSG-112,Y,H8347003_S_L-NSG-112,Switch Game - Snowrunner (Parallel Import),Switch Game - 雪地奔馳 (平行進口),H834700309,0,online,Y,N,27-Jul-21,,Nintendo,Nintendo,210,120,210,,,AA31300510001,Switch 遊戲,HKD,468,298,36.32479, , , , 
H8347003,L-NSG-114,Y,H8347003_S_L-NSG-114,Switch Game - Trials of Mana (Parallel Import),Switch Game - 聖劍傳說3 (平行進口),H834700309,0,online,Y,N,27-Jul-21,,Nintendo,Nintendo,210,120,210,,,AA31300510001,Switch 遊戲,HKD,468,368,21.36752, , , , 
H8347003,L-NSG-115,Y,H8347003_S_L-NSG-115,Switch Game - Assassin's Creed: The Rebel Collection (Parallel Import),Switch Game - 刺客教條：逆命合輯 (平行進口),H834700309,0,online,Y,N,27-Jul-21,,Nintendo,Nintendo,210,120,210,,,AA31300510001,Switch 遊戲,HKD,468,348,25.64103, , , , 
H8347003,L-NSG-116,Y,H8347003_S_L-NSG-116,Switch Game - Minecraft (Parallel Import),Switch Game - 我的世界 (平行進口),H834700309,0,online,Y,N,27-Jul-21,,Nintendo,Nintendo,210,120,210,,,AA31300510001,Switch 遊戲,HKD,468,328,29.91453, , , , 
H8347003,L-NSG-117,Y,H8347003_S_L-NSG-117,Switch Game - Hyrule Warriors: Definitive Edition (Parallel Import),Switch Game - ZELDA無雙 海拉魯全明星 豪華版 (平行進口),H834700309,0,online,Y,N,27-Jul-21,,Nintendo,Nintendo,210,120,210,,,AA31300510001,Switch 遊戲,HKD,468,368,21.36752, , , , 
H8347003,L-NSG-118,Y,H8347003_S_L-NSG-118,SONIC MANIA,NS 音速小子狂熱,H834700309,0,online,Y,N,12-Aug-21,,Nintendo,Nintendo,210,120,210,,,AA31300510001,Switch 遊戲,HKD,498,238,52.20884, , , , 
H8347003,L-NSG-119,Y,H8347003_S_L-NSG-119,STREET FIGHTER,街頭霸王,H834700309,0,online,Y,N,12-Aug-21,1-Jan-99,Nintendo,Nintendo,210,210,0,,,AA31300510001,Switch 遊戲,HKD,498,248,50.2008, , , , 
H8347003,L-NSG-120,Y,H8347003_S_L-NSG-120,Instant Sports: Summer Games,即時運動：夏日遊戲,H834700309,0,online,Y,N,12-Aug-21,,Nintendo,Nintendo,210,120,210,,,AA31300510001,Switch 遊戲,HKD,498,258,48.19277, , , , 
H8347003,L-NSG-121,Y,H8347003_S_L-NSG-121,MORTAL 11 KOMBAT,真人快打11,H834700309,0,online,Y,N,12-Aug-21,,Nintendo,Nintendo,210,120,210,,,AA31300510001,Switch 遊戲,HKD,498,258,48.19277, , , , 
H8347003,L-NSG-122,Y,H8347003_S_L-NSG-122,SPORTS PARTY,運動派對,H834700309,0,online,Y,N,12-Aug-21,,Nintendo,Nintendo,210,120,210,,,AA31300510001,Switch 遊戲,HKD,498,238,52.20884, , , , 
H8347003,L-NSG-123,Y,H8347003_S_L-NSG-123,CARNIVAL GAMES,體感嘉年華,H834700309,0,online,Y,N,12-Aug-21,,Nintendo,Nintendo,210,120,210,,,AA31300510001,Switch 遊戲,HKD,498,198,60.24096, , , , 
H8347003,L-NSG-124,Y,H8347003_S_L-NSG-124,SAMURAL SHODOWN NEOGEO COLLECTION,侍魂-SAMURAL SHODOWN NEOGEO COLLECTION,H834700309,0,online,Y,N,12-Aug-21,,Nintendo,Nintendo,210,120,210,,,AA31300510001,Switch 遊戲,HKD,498,248,50.2008, , , , 
H8347003,L-NSG-125,Y,H8347003_S_L-NSG-125,RESIDENT EVIL TRIPLE PACK,惡靈古堡三重包,H834700309,0,online,Y,N,12-Aug-21,,Nintendo,Nintendo,210,120,210,,,AA31300510001,Switch 遊戲,HKD,498,298,40.16064, , , , 
H8347003,L-NSG-126,Y,H8347003_S_L-NSG-126,RESIDENT EVIL ORIGINS COLLECTION,惡靈古堡起源-精選輯ORIGINS COLLECTION,H834700309,0,online,Y,N,12-Aug-21,,Nintendo,Nintendo,210,120,210,,,AA31300510001,Switch 遊戲,HKD,498,268,46.18474, , , , 
H8347003,L-NSG-127,Y,H8347003_S_L-NSG-127,TAXI CHAOS,酷飆計程車,H834700309,0,online,Y,N,12-Aug-21,,Nintendo,Nintendo,210,120,210,,,AA31300510001,Switch 遊戲,HKD,498,228,54.21687, , , , 
H8347003,L-NSG-128,Y,H8347003_S_L-NSG-128,MONSTER HUNTER GENERATIONS ULTIMATE,魔物獵人世代終極版,H834700309,0,online,Y,N,12-Aug-21,,Nintendo,Nintendo,210,120,210,,,AA31300510001,Switch 遊戲,HKD,498,228,54.21687, , , , 
H8347003,L-NSG-129,Y,H8347003_S_L-NSG-129,CONTRA ROGUE CORPS,魂斗羅: RC 聯盟,H834700309,0,online,Y,N,12-Aug-21,,Nintendo,Nintendo,210,120,210,,,AA31300510001,Switch 遊戲,HKD,498,228,54.21687, , , , 
H8347003,L-NSG-130,Y,H8347003_S_L-NSG-130,DEAD & CELLS ACTION GAME OF THE YEAR,死亡細胞動作-年度版,H834700309,0,online,Y,N,12-Aug-21,,Nintendo,Nintendo,210,120,210,,,AA31300510001,Switch 遊戲,HKD,498,198,60.24096, , , , 
H8347003,L-NSG-131,Y,H8347003_S_L-NSG-131,LITTLE NIGHTMARES COMPLETE EDITION,小小夢魘完整版,H834700309,0,online,Y,N,12-Aug-21,,Nintendo,Nintendo,210,120,210,,,AA31300510001,Switch 遊戲,HKD,498,288,42.16867, , , , 
H8347003,L-NSG-132,Y,H8347003_S_L-NSG-132,LITTLE NIGHTMARES 2,小小夢魘2,H834700309,0,offline,Y,N,12-Aug-21,22-Jun-22,Nintendo,Nintendo,210,120,210,,,AA31300510001,Switch 遊戲,HKD,498,258,48.19277, , , , 
H8347003,L-NSG-133,Y,H8347003_S_L-NSG-133,SWITCH GAME-SUPER STREET RACER,SWITCH GAME-超級街道賽,H834700309,0,online,Y,N,2-Sep-21,1-Jan-99,Nintendo,Nintendo,210,210,0,,,AA31300510001,Switch 遊戲,HKD,468,248,47.00855, , , , 
H8347003,L-NSG-134,Y,H8347003_S_L-NSG-134,SWITCH GAME-MARVEL ULTIMATE ALLIANCE 3 THE BLACK ORDER,SWITCH GAME-漫威英雄：終極聯盟3,H834700309,0,online,Y,N,3-Sep-21,,Nintendo,Nintendo,210,120,210,,,AA31300510001,Switch 遊戲,HKD,468,418,10.68376, , , , 
H8347003,L-NSG-135,Y,H8347003_S_L-NSG-135,SWITCH GAME-Plants vs. Zombies: Battle for Neighborville,SWITCH GAME-植物大戰僵屍：和睦小鎮保衛戰,H834700309,0,offline,Y,N,3-Sep-21,15-Jun-22,Nintendo,Nintendo,210,120,210,,,AA31300510001,Switch 遊戲,HKD,468,248,47.00855, , , , 
H8347003,L-NSG-136,Y,H8347003_S_L-NSG-136,SWITCH GAME-MARIO GOLF SUPER RUSH,SWITCH GAME-瑪利歐高爾夫超級衝衝衝,H834700309,0,offline,Y,N,3-Sep-21,8-Jul-22,Nintendo,Nintendo,210,120,210,,,AA31300510001,Switch 遊戲,HKD,468,418,10.68376, , , , 
H8347003,L-NSG-137,Y,H8347003_S_L-NSG-137,SWITCH GAME-Untitled Goose Game,SWITCH GAME-無名鵝愛搗蛋,H834700309,0,online,Y,N,3-Sep-21,,Nintendo,Nintendo,210,120,210,,,AA31300510001,Switch 遊戲,HKD,468,278,40.59829, , , , 
H8347003,L-NSG-138,Y,H8347003_S_L-NSG-138,SWITCH GAME-GOD EATER 3,SWITCH GAME-噬神者3,H834700309,0,online,Y,N,3-Sep-21,,Nintendo,Nintendo,210,120,210,,,AA31300510001,Switch 遊戲,HKD,468,268,42.73504, , , , 
H8347003,L-NSG-139,Y,H8347003_S_L-NSG-139,SWITCH GAME-MEGA MAN 11,SWITCH GAME-洛克人11,H834700309,0,online,Y,N,3-Sep-21,1-Jan-99,Nintendo,Nintendo,210,120,210,,,AA31300510001,Switch 遊戲,HKD,468, , , , , , 
H8347003,L-NSG-140,Y,H8347003_S_L-NSG-140,SWITCH GAME-GO VACATION,SWITCH GAME-歡樂假期,H834700309,0,online,Y,N,3-Sep-21,,Nintendo,Nintendo,210,120,210,,,AA31300510001,Switch 遊戲,HKD,468,388,17.09402, , , , 
H8347003,L-NSG-141,Y,H8347003_S_L-NSG-141,SWITCH GAME-HARVEST MOON ONE WORLD,SWITCH GAME-牧場物語: 一個世界,H834700309,0,online,Y,N,3-Sep-21,,Nintendo,Nintendo,210,120,210,,,AA31300510001,Switch 遊戲,HKD,468,368,21.36752, , , , 
H8347003,L-NSG-142,Y,H8347003_S_L-NSG-142,SWITCH GAME-TAIKO NO TATSUJIN: RHYTHMIC ADVENTURE PACK,SWITCH GAME-太鼓之達人 咚咔 二合一大冒險,H834700309,0,online,Y,N,3-Sep-21,,Nintendo,Nintendo,210,120,210,,,AA31300510001,Switch 遊戲,HKD,468,418,10.68376, , , , 
H8347003,L-NSG-143,Y,H8347003_S_L-NSG-143,SWITCH GAME-NBA 2K18,SWITCH GAME-NBA 2K18,H834700309,0,online,Y,N,3-Sep-21,,Nintendo,Nintendo,210,120,210,,,AA31300510001,Switch 遊戲,HKD,468,148,68.37607, , , , 
H8347003,L-NSG-144,Y,H8347003_S_L-NSG-144,SWITCH GAME-SUPER MARIO 3D WORLD + BOWSER'S FURY,SWITCH GAME-超級瑪利歐3D世界+狂怒世界,H834700309,0,offline,Y,N,3-Sep-21,16-Jun-22,Nintendo,Nintendo,210,120,210,,,AA31300510001,Switch 遊戲,HKD,468,408,12.82051, , , , 
H8347003,L-NSG-145,Y,H8347003_S_L-NSG-145,SWITCH GAME-Fun! Fun! Animal Park(parallel import),SWITCH GAME-開心有趣動物樂園(平行進口),H834700309,0,online,Y,N,28-Sep-21,,Nintendo,Nintendo,210,120,210,,,AA31300510001,Switch 遊戲,HKD,468,268,42.73504, , , , 
H8347003,L-NSG-146,Y,H8347003_S_L-NSG-146,SWITCH GAME-Monopoly(parallel import),SWITCH GAME-大富翁/ 地產大亨(平行進口),H834700309,0,online,Y,N,28-Sep-21,,Nintendo,Nintendo,210,120,210,,,AA31300510001,Switch 遊戲,HKD,468,218,53.4188, , , , 
H8347003,L-NSG-147,Y,H8347003_S_L-NSG-147,SWITCH GAME-WarioWare: Get It Together !(parallel import),SWITCH GAME-分享同樂！瓦利歐製造(平行進口),H834700309,0,online,Y,N,28-Sep-21,,Nintendo,Nintendo,210,120,210,,,AA31300510001,Switch 遊戲,HKD,468,378,19.23077, , , , 
H8347003,L-NSG-148,Y,H8347003_S_L-NSG-148,SWITCH GAME-Maneater(parallel import),SWITCH GAME-食人鯊(平行進口),H834700309,0,online,Y,N,28-Sep-21,,Nintendo,Nintendo,210,120,210,,,AA31300510001,Switch 遊戲,HKD,468,298,36.32479, , , , 
H8347003,L-NSG-149,Y,H8347003_S_L-NSG-149,SWITCH GAME-Ori and the Will of The Wisps(parallel import),SWITCH GAME-聖靈之光 2 (平行進口),H834700309,0,offline,Y,N,28-Sep-21,12-Jun-22,Nintendo,Nintendo,210,120,210,,,AA31300510001,Switch 遊戲,HKD,468,298,36.32479, , , , 
H8347003,L-NSG-150,Y,H8347003_S_L-NSG-150,NO USE - SWITCH GAME - Sports Party (parallel import),NO USE - SWITCH GAME - 運動派對 (平行進口),H834700309,0,offline,Y,N,28-Sep-21,18-Nov-21,Nintendo,Nintendo,210,120,210,,,AA31300510001,Switch 遊戲,HKD,468,248,47.00855, , , , 
H8347003,L-NSG-151,Y,H8347003_S_L-NSG-151,SWITCH GAME-Super Street Racer,SWITCH GAME-超級街道賽,H834700309,0,offline,Y,N,28-Sep-21,30-Sep-21,Nintendo,Nintendo,210,120,210,,,AA31300510001,Switch 遊戲,HKD,468,248,47.00855, , , , 
H8347003,L-NSG-152,Y,H8347003_S_L-NSG-152,SWITCH GAME - Borderlands Legendary Collection(parallel import),SWITCH GAME - 邊緣禁地傳奇合輯(平行進口),H834700309,0,online,Y,N,28-Sep-21,,Nintendo,Nintendo,210,120,210,,,AA31300510001,Switch 遊戲,HKD,468,198,57.69231, , , , 
H8347003,L-NSG-153,Y,H8347003_S_L-NSG-153,SWITCH GAME-Instant Chef Party(parallel import),SWITCH GAME-即時廚師派對(平行進口),H834700309,0,online,Y,N,28-Sep-21,,Nintendo,Nintendo,210,120,210,,,AA31300510001,Switch 遊戲,HKD,468,268,42.73504, , , , 
H8347003,L-NSG-154,Y,H8347003_S_L-NSG-154,SWITCH GAME-Portal Knights(parallel import),SWITCH GAME-傳送騎士(平行進口),H834700309,0,offline,Y,N,28-Sep-21,12-Jun-22,Nintendo,Nintendo,210,120,210,,,AA31300510001,Switch 遊戲,HKD,468,168,64.10256, , , , 
H8347003,L-NSG-155,Y,H8347003_S_L-NSG-155,SWITCH GAME- Ori and the Blind Forest(parallel import),SWITCH GAME- 奧日與迷失森林(平行進口),H834700309,14,online,N,N,28-Sep-21,,Nintendo,Nintendo,210,120,210,,,AA31300510001,Switch 遊戲,HKD,468,268,42.73504, , , , 
H8347003,L-NSG-156,Y,H8347003_S_L-NSG-156,SWITCH GAME-Gear Club Unlimited 2: Porsche Edition(parallel import),SWITCH GAME-極速俱樂部 無限 2-周年版-保時捷(平行進口),H834700309,0,online,Y,N,28-Sep-21,,Nintendo,Nintendo,210,120,210,,,AA31300510001,Switch 遊戲,HKD,468,248,47.00855, , , , 
H8347003,L-NSG-157,Y,H8347003_S_L-NSG-157,SWITCH GAME-Sakuna: of Rice and Ruin(parallel import),SWITCH GAME-天穗種稻姬(平行進口),H834700309,0,online,Y,N,28-Sep-21,1-Jan-99,Nintendo,Nintendo,210,120,210,,,AA31300510001,Switch 遊戲,HKD,468,288,38.46154, , , , 
H8347003,L-NSG-158,Y,H8347003_S_L-NSG-158,SWITCH GAME-ICE AGE: Scrat's Nutty Adventure(parallel import),SWITCH GAME-冰原歷險記：鼠奎特的堅果冒險(平行進口),H834700309,0,online,Y,N,28-Sep-21,,Nintendo,Nintendo,210,120,210,,,AA31300510001,Switch 遊戲,HKD,468,218,53.4188, , , , 
H8347003,L-NSG-159,Y,H8347003_S_L-NSG-159,SWITCH GAME-Dead by Daylight,SWITCH GAME-黎明死線,H834700309,0,online,Y,N,4-Oct-21,,Nintendo,Nintendo,210,120,210,,,AA31300510001,Switch 遊戲,HKD,468,298,36.32479, , , , 
H8347003,L-NSG-160,Y,H8347003_S_L-NSG-160,SWITCH GAME-Super Dragon Ball Heroes: World Mission ,SWITCH GAME-超級七龍珠英雄：世界任務,H834700309,0,online,Y,N,4-Oct-21,,Nintendo,Nintendo,210,120,210,,,AA31300510001,Switch 遊戲,HKD,468,328,29.91453, , , , 
H8347003,L-NSG-161,Y,H8347003_S_L-NSG-161,SWITCH GAME-Need for Speed: Hot Pursuit,SWITCH GAME-極速快感：超熱力追緝,H834700309,0,online,Y,N,4-Oct-21,,Nintendo,Nintendo,210,120,210,,,AA31300510001,Switch 遊戲,HKD,468,328,29.91453, , , , 
H8347003,L-NSG-162,Y,H8347003_S_L-NSG-162,SWITCH GAME- Fatal Frame: Maiden of Black Water (parallel import),零～濡鴉之巫女：美麗和風恐怖冒險 - 中文版(平行進口),H834700309,0,offline,Y,N,27-Oct-21,27-Nov-21,Nintendo,Nintendo,210,120,210,,,AA31300510001,Switch 遊戲,HKD,568,368,35.21127, , , , 
H8347003,L-NSG-163,Y,H8347003_S_L-NSG-163,SWITCH GAME:NBA2K22 (CHI/ENG VERSION)(parallel import),SWITCH GAME:NBA 2K22 | 2022 標準版 (平行進口),H834700309,0,online,Y,N,17-Nov-21,,Nintendo,Nintendo,210,120,210,,,AA31300510001,Switch 遊戲,HKD,468,368,21.36752, , , , 
H8347003,L-NSG-164,Y,H8347003_S_L-NSG-164,Switch Game - Just Dance 2022(parallel import),Switch Game - Just Dance 2022 舞力全開 22 - 中英文合版(平行進口),H834700309,0,online,Y,Y,20-Nov-21,,Nintendo,Nintendo,210,120,210,,,AA31300510001,Switch 遊戲,HKD,468,328,29.91453, , , , 
H8347003,L-NSG-165,Y,H8347003_S_L-NSG-165,Switch Game:Mario Party Superstars - US VERSION-CHN / ENG / JPN,Switch Game:Mario Party Superstars 瑪利歐派對 超級巨星 - 中英日合版,H834700309,0,online,Y,N,5-Dec-21,,Nintendo,Nintendo,210,120,210,,,AA31300510001,Switch 遊戲,HKD,468,378,19.23077, , , , 
H8347003,L-NSG-166,Y,H8347003_S_L-NSG-166,SWITCH GAME-HOT WHEELS UNLEASHED(parallel import),SWITCH GAME-風火輪小汽車 解放(平行進口),H834700309,0,online,Y,N,12-Dec-21,,Nintendo,Nintendo,210,120,210,,,AA31300510001,Switch 遊戲,HKD,468,348,25.64103, , , , 
H8347003,L-NSG-167,Y,H8347003_S_L-NSG-167,SWITCH GAME-ONE PIECE: PIRATE WARRIORS 4(parallel import),SWITCH GAME 海賊無雙4(平行進口),H834700309,0,online,Y,N,12-Dec-21,,Nintendo,Nintendo,210,120,210,,,AA31300510001,Switch 遊戲,HKD,468,348,25.64103, , , , 
H8347003,L-NSG-168,Y,H8347003_S_L-NSG-168,SWITCH GAME-Crash Bandicoot 4 -It's About Time(parallel import),SWITCH GAME-袋狼大進擊4-時空之旅(平行進口),H834700309,0,online,Y,N,12-Dec-21,,Nintendo,Nintendo,210,120,210,,,AA31300510001,Switch 遊戲,HKD,468,348,25.64103, , , , 
H8347003,L-NSG-169,Y,H8347003_S_L-NSG-169,SWITCH GAME- Ori(parallel import),SWITCH GAME-奧里與迷失森林(平行進口),H834700309,0,online,Y,N,12-Dec-21,1-Jan-99,Nintendo,Nintendo,210,120,210,,,AA31300510001,Switch 遊戲,HKD,468, , , , , , 
H8347003,L-NSG-170,Y,H8347003_S_L-NSG-170,SWITCH GAME-CARRION(parallel import),SWITCH GAME-紅怪(平行進口),H834700309,0,online,Y,N,12-Dec-21,,Nintendo,Nintendo,210,120,210,,,AA31300510001,Switch 遊戲,HKD,468,298,36.32479, , , , 
H8347003,L-NSG-171,Y,H8347003_S_L-NSG-171,SWITCH GAME-Overwatch: Legendary Edition(parallel import),SWITCH GAME-鬥陣特攻® 傳奇版(平行進口),H834700309,0,offline,Y,N,12-Dec-21,10-Jun-22,Nintendo,Nintendo,210,120,210,,,AA31300510001,Switch 遊戲,HKD,468, , , , , , 
H8347003,L-NSG-172,Y,H8347003_S_L-NSG-172,SWITCH GAME-FIFA 21(平行進口),SWITCH GAME-FIFA-21 國際足盟大賽21(parallel import),H834700309,0,online,Y,N,12-Dec-21,,Nintendo,Nintendo,210,120,210,,,AA31300510001,Switch 遊戲,HKD,468,238,49.1453, , , , 
H8347003,L-NSG-173,Y,H8347003_S_L-NSG-173,SWITCH GAME-HADES(parallel import),SWITCH GAME-黑帝斯(平行進口),H834700309,0,online,Y,N,12-Dec-21,,Nintendo,Nintendo,210,120,210,,,AA31300510001,Switch 遊戲,HKD,468,258,44.87179, , , , 
H8347003,L-NSG-174,Y,H8347003_S_L-NSG-174,SWITCH GAME-Trine 4: The Nightmare Prince(parallel import),SWITCH GAME-狩魔師4 惡夢王子(平行進口),H834700309,0,offline,Y,N,12-Dec-21,10-Jun-22,Nintendo,Nintendo,210,120,210,,,AA31300510001,Switch 遊戲,HKD,468, , , , , , 
H8347003,L-NSG-175,Y,H8347003_S_L-NSG-175,SWITCH GAME-Junior League Sports 3-in-1 Collection(parallel import),SWITCH GAME-青少年聯賽運動 [三合一系列](平行進口),H834700309,0,offline,Y,N,12-Dec-21,10-Jun-22,Nintendo,Nintendo,210,120,210,,,AA31300510001,Switch 遊戲,HKD,468, , , , , , 
H8347003,L-NSG-176,Y,H8347003_S_L-NSG-176,SWITCH GAME-Shaq Fu: A Legend Reborn,SWITCH GAME-功夫俠客：傳奇重生,H834700309,0,offline,Y,N,12-Dec-21,10-Jun-22,Nintendo,Nintendo,210,120,210,,,AA31300510001,Switch 遊戲,HKD,468, , , , , , 
H8347003,L-NSG-177,Y,H8347003_S_L-NSG-177,SWITCH GAME-Poi: Explorer Edition(parallel import),SWITCH GAME-Poi 探險者版(平行進口),H834700309,0,offline,Y,N,12-Dec-21,10-Jun-22,Nintendo,Nintendo,210,120,210,,,AA31300510001,Switch 遊戲,HKD,468, , , , , , 
H8347003,L-NSG-178,Y,H8347003_S_L-NSG-178,SWITCH GAME-The Survivalists(parallel import),SWITCH GAME-島嶼生存者(平行進口),H834700309,0,offline,Y,N,12-Dec-21,10-Jun-22,Nintendo,Nintendo,210,210,0,,,AA31300510001,Switch 遊戲,HKD,468, , , , , , 
H8347003,L-NSG-179,Y,H8347003_S_L-NSG-179,SWITCH GAME-G.I. Joe: Operation Blackout(parallel import),SWITCH GAME-義勇群英: 重出江湖(平行進口),H834700309,0,offline,Y,N,12-Dec-21,10-Jun-22,Nintendo,Nintendo,210,210,0,,,AA31300510001,Switch 遊戲,HKD,468, , , , , , 
H8347003,L-NSG-180,Y,H8347003_S_L-NSG-180,SWITCH GAME-NBA 2K22(parallel import),SWITCH GAME-NBA 2K22(平行進口),H834700309,0,offline,Y,N,12-Dec-21,11-Jul-22,Nintendo,Nintendo,210,210,0,,,AA31300510001,Switch 遊戲,HKD,468,348,25.64103, , , , 
H8347003,L-NSG-181,Y,H8347003_S_L-NSG-181,SWITCH GAME-Snow Moto Racing Freedom(parallel import),SWITCH GAME-雪地摩托自由競賽(平行進口),H834700309,0,offline,Y,N,12-Dec-21,10-Jun-22,Nintendo,Nintendo,210,210,0,,,AA31300510001,Switch 遊戲,HKD,468, , , , , , 
H8347003,L-NSG-182,Y,H8347003_S_L-NSG-182,SWITCH GAME-Wasteland 2: Director's Cut(parallel import),SWITCH GAME-荒野遊俠2：導演剪輯版(平行進口),H834700309,0,offline,Y,N,12-Dec-21,10-Jun-22,Nintendo,Nintendo,210,210,0,,,AA31300510001,Switch 遊戲,HKD,468, , , , , , 
H8347003,L-NSG-183,Y,H8347003_S_L-NSG-183,SWITCH GAME-Saints Row IV®: Re-Elected™(parallel import),SWITCH GAME-黑街聖徒4：再次當選(平行進口),H834700309,0,offline,Y,N,12-Dec-21,10-Jun-22,Nintendo,Nintendo,210,210,0,,,AA31300510001,Switch 遊戲,HKD,468, , , , , , 
H8347003,L-NSG-184,Y,H8347003_S_L-NSG-184,SWITCH GAME-The Raven Remastered(parallel import),SWITCH GAME-烏鴉 重製版(平行進口),H834700309,0,offline,Y,N,12-Dec-21,10-Jun-22,Nintendo,Nintendo,210,210,0,,,AA31300510001,Switch 遊戲,HKD,468, , , , , , 
H8347003,L-NSG-185,Y,H8347003_S_L-NSG-185,SWITCH GAME-ASSASSIN'S CREED III (parallel import),SWITCH GAME-刺客教條3(平行進口),H834700309,0,online,Y,N,20-Dec-21,1-Jan-99,Nintendo,Nintendo,210,210,0,,,AA31300510001,Switch 遊戲,HKD,468,268,42.73504, , , , 
H8347003,L-NSG-186,Y,H8347003_S_L-NSG-186,SWITCH GAME-Resident Evil: Revelations COLLECTION(1+2)(parallel import),SWITCH GAME-生化危機啟示 (1+2) (平行進口),H834700309,0,online,Y,N,20-Dec-21,1-Jan-99,Nintendo,Nintendo,210,210,0,,,AA31300510001,Switch 遊戲,HKD,468,248,47.00855, , , , 
H8347003,L-NSG-187,Y,H8347003_S_L-NSG-187,SWITCH GAME-Super Monkey Ball 1 & 2 Remastered,SWITCH GAME-現嘗好滋味！超級猴子球 1&2 重製版,H834700309,0,online,Y,N,20-Dec-21,1-Jan-99,Nintendo,Nintendo,210,210,0,,,AA31300510001,Switch 遊戲,HKD,468,318,32.05128, , , , 
H8347003,L-NSG-188,Y,H8347003_S_L-NSG-188,SWITCH GAME-Pui Pui Molcar,SWITCH GAME-天竺鼠車車,H834700309,0,online,Y,N,20-Dec-21,1-Jan-99,Nintendo,Nintendo,210,210,0,,,AA31300510001,Switch 遊戲,HKD,468,368,21.36752, , , , 
H8347003,L-NSG-189,Y,H8347003_S_L-NSG-189,SWITCH GAME-Super Mario 3D collection,SWITCH GAME-超級瑪利歐 3D收藏輯,H834700309,0,online,Y,N,20-Dec-21,1-Jan-99,Nintendo,Nintendo,210,210,0,,,AA31300510001,Switch 遊戲,HKD,468,318,32.05128, , , , 
H8347003,L-NSG-190,Y,H8347003_S_L-NSG-190,SWITCH GAME-Doraemon Learning Collection ,SWITCH GAME-多啦A夢 樂學遊戲合輯,H834700309,0,online,Y,N,20-Dec-21,,Nintendo,Nintendo,210,120,210,,,AA31300510001,Switch 遊戲,HKD,468,348,25.64103, , , , 
H8347003,L-NSG-191,Y,H8347003_S_L-NSG-191,Switch - Kirby and the forgotten Land - CHN/ENG/JAN,Switch - 星之卡比-探索發現 Kirby and the Forgotten Land - 中英日合版,H834700309,0,online,Y,N,24-Mar-22,1-Jan-99,Nintendo,Nintendo,210,210,0,1PC-特快順豐發貨,1PC-特快順豐發貨,AA31300510001,Switch 遊戲,HKD,468,378,19.23077, , , , 
H8347003,L-OCUL-1-128G,Y,H8347003_S_L-OCUL-1-128G,[JP VERSION]Quest 2 128GB All In One VR(parallel import),[日本版]Quest 2 128GB All-in-One VR 虛擬實境頭戴式裝置 (平行進口)|眼鏡,H834700309,0,offline,Y,N,16-Dec-21,24-Jan-22,Oculus,Oculus,500,250,300,,,AA31302500001,VR虛擬實景裝置,HKD,4999,2488,50.23005, , , , 
H8347003,L-OCUL-2-256G,Y,H8347003_S_L-OCUL-2-256G,Quest 2 256GB All In One VR(parallel import),Quest 2 256GB All-in-One VR 虛擬實境頭戴式裝置 (平行進口)|眼鏡,H834700309,0,offline,Y,N,16-Dec-21,14-Jun-22,Oculus,Oculus,500,250,300,,,AA31302500001,VR虛擬實景裝置,HKD,6999,3260,53.42192, , , , 
H8347003,L-SONY-P5A-01,Y,H8347003_S_L-SONY-P5A-01,PS5 Dual Sense (White)(parallel import),PS5 DualSense™ 無線控制器 (白色)(平行進口),H834700309,0,online,Y,N,22-Aug-21,,Sony,SONY,250,240,300,1 Pcs,1 Pcs,AA31150500001,藍牙耳機,HKD,989,538,45.60162, , , , 
H8347003,L-SONY-P5A-02,Y,H8347003_S_L-SONY-P5A-02,PS5 DualSenseTM charging station(parallel import),PS5 DualSenseTM 充電座(平行進口),H834700309,3,offline,N,N,22-Aug-21,23-Aug-21,Sony,SONY,210,120,210,1 Pcs,1 Pcs,AA31301030001,Playstation 充電器 火牛 底座,HKD,468,328,29.91453, , , , 
H8347003,L-SONY-P5A-03,Y,H8347003_S_L-SONY-P5A-03,PS5 PULSE 3D™ wireless headset(parallel import),PS5 SONY 原廠 PULSE 3D 無線耳機(平行進口),H834700309,2,online,N,N,22-Aug-21,,Sony,SONY,350,300,350,1 SET,1 SET,AA31301015001,Playstation 手掣,HKD,1288,1028,20.18634, , , , 
H8347003,NSA-002,Y,H8347003_S_NSA-002,NO USE,NO USE,H834700309,0,offline,N,N,9-Oct-21,11-Oct-21,Nintendo,Nintendo,210,120,210,,,AA31300515001,Switch 手掣,HKD,1026,568,44.63938, , , , 
H8347003,NSG-118,Y,H8347003_S_NSG-118,Switch Game:Mario Party Superstars - US VERSION-CHN / ENG / JPN,Switch Game:Mario Party Superstars 瑪利歐派對 超級巨星 - 中英日合版,H834700309,0,offline,N,N,15-Aug-21,5-Dec-21,Nintendo,Nintendo,210,120,210,,,AA31300510001,Switch 遊戲,HKD,498,378,24.09639, , , , 
